candidate_id	source_type	title	url	publisher	discovered_at	relevance_reason	license_guess	status	reviewer_notes
job-financial-nlp-engineer	job	Financial NLP engineer role candidate	https://example.com/jobs/financial-nlp-engineer	Manual job source	2026-06-03T00:00:00.000Z	Candidate AI plus finance job post showing demand for filings, news, and transcript NLP.	Public job metadata only	candidate	Needs freshness, employer, skills, and sponsor-status review.
arxiv-agentic-finance	arxiv	Agentic finance research candidate	https://arxiv.org/search/?query=agentic+finance&searchtype=all	arXiv	2026-06-03T00:00:00.000Z	Candidate paper-monitoring query for AI agents applied to finance workflows.	Public arXiv metadata and abstracts	candidate	Needs paper-level selection before publication.
hf-nlpbada-rag_finance_qa_dataset	huggingface_dataset	NLPBada/RAG_finance_QA_dataset	https://huggingface.co/datasets/NLPBada/RAG_finance_QA_dataset	NLPBada	2026-06-03T20:24:59.478809+00:00	Matched Hugging Face dataset query 'finance nlp' for finance/NLP monitoring.	apache-2.0	candidate	Needs dataset-card review, source provenance, task fit, and leakage-risk note.
hf-propfirmkey-trading-finance-glossary-nlp	huggingface_dataset	propfirmkey/trading-finance-glossary-nlp	https://huggingface.co/datasets/propfirmkey/trading-finance-glossary-nlp	propfirmkey	2026-06-03T20:24:59.478900+00:00	Matched Hugging Face dataset query 'finance nlp' for finance/NLP monitoring.	cc-by-4.0	candidate	Needs dataset-card review, source provenance, task fit, and leakage-risk note.
hf-turkish-nlp-datasets-economy-and-finance	huggingface_dataset	turkish-nlp-datasets/economy-and-finance	https://huggingface.co/datasets/turkish-nlp-datasets/economy-and-finance	turkish-nlp-datasets	2026-06-03T20:24:59.478935+00:00	Matched Hugging Face dataset query 'finance nlp' for finance/NLP monitoring.	cc-by-nc-4.0	candidate	Needs dataset-card review, source provenance, task fit, and leakage-risk note.
hf-zeroshot-twitter-financial-news-sentiment	huggingface_dataset	zeroshot/twitter-financial-news-sentiment	https://huggingface.co/datasets/zeroshot/twitter-financial-news-sentiment	zeroshot	2026-06-03T20:24:59.888099+00:00	Matched Hugging Face dataset query 'financial sentiment' for finance/NLP monitoring.	Check dataset card and original source	candidate	Needs dataset-card review, source provenance, task fit, and leakage-risk note.
hf-timkoornstra-financial-tweets-sentiment	huggingface_dataset	TimKoornstra/financial-tweets-sentiment	https://huggingface.co/datasets/TimKoornstra/financial-tweets-sentiment	TimKoornstra	2026-06-03T20:24:59.888157+00:00	Matched Hugging Face dataset query 'financial sentiment' for finance/NLP monitoring.	MIT license per Hugging Face card	candidate	Needs dataset-card review, source provenance, task fit, and leakage-risk note.
hf-jean-baptiste-financial_news_sentiment	huggingface_dataset	Jean-Baptiste/financial_news_sentiment	https://huggingface.co/datasets/Jean-Baptiste/financial_news_sentiment	Jean-Baptiste	2026-06-03T20:24:59.888188+00:00	Matched Hugging Face dataset query 'financial sentiment' for finance/NLP monitoring.	Check dataset card and original source	candidate	Needs dataset-card review, source provenance, task fit, and leakage-risk note.
hf-jean-baptiste-financial_news_sentiment_mixte_with_phrasebank_75	huggingface_dataset	Jean-Baptiste/financial_news_sentiment_mixte_with_phrasebank_75	https://huggingface.co/datasets/Jean-Baptiste/financial_news_sentiment_mixte_with_phrasebank_75	Jean-Baptiste	2026-06-03T20:24:59.888227+00:00	Matched Hugging Face dataset query 'financial sentiment' for finance/NLP monitoring.	MIT license per Hugging Face card	candidate	Needs dataset-card review, source provenance, task fit, and leakage-risk note.
hf-chiapudding-kaggle-financial-sentiment	huggingface_dataset	chiapudding/kaggle-financial-sentiment	https://huggingface.co/datasets/chiapudding/kaggle-financial-sentiment	chiapudding	2026-06-03T20:24:59.888263+00:00	Matched Hugging Face dataset query 'financial sentiment' for finance/NLP monitoring.	Check dataset card and original source	candidate	Needs dataset-card review, source provenance, task fit, and leakage-risk note.
hf-ydqe2-kaggle_financial_sentiment_resplit	huggingface_dataset	ydqe2/kaggle_financial_sentiment_resplit	https://huggingface.co/datasets/ydqe2/kaggle_financial_sentiment_resplit	ydqe2	2026-06-03T20:24:59.888297+00:00	Matched Hugging Face dataset query 'financial sentiment' for finance/NLP monitoring.	MIT license per Hugging Face card	candidate	Needs dataset-card review, source provenance, task fit, and leakage-risk note.
hf-hw2942-financial-news-sentiment	huggingface_dataset	hw2942/financial-news-sentiment	https://huggingface.co/datasets/hw2942/financial-news-sentiment	hw2942	2026-06-03T20:24:59.888326+00:00	Matched Hugging Face dataset query 'financial sentiment' for finance/NLP monitoring.	Check dataset card and original source	candidate	Needs dataset-card review, source provenance, task fit, and leakage-risk note.
hf-intanm-indonesian-financial-sentiment-analysis	huggingface_dataset	intanm/indonesian-financial-sentiment-analysis	https://huggingface.co/datasets/intanm/indonesian-financial-sentiment-analysis	intanm	2026-06-03T20:24:59.888357+00:00	Matched Hugging Face dataset query 'financial sentiment' for finance/NLP monitoring.	Check dataset card and original source	candidate	Needs dataset-card review, source provenance, task fit, and leakage-risk note.
hf-ghbacct-twitter-financial-news-sentiment-clustering	huggingface_dataset	ghbacct/twitter-financial-news-sentiment-clustering	https://huggingface.co/datasets/ghbacct/twitter-financial-news-sentiment-clustering	ghbacct	2026-06-03T20:24:59.888385+00:00	Matched Hugging Face dataset query 'financial sentiment' for finance/NLP monitoring.	Check dataset card and original source	candidate	Needs dataset-card review, source provenance, task fit, and leakage-risk note.
hf-ghbacct-twitter-financial-news-sentiment-classification	huggingface_dataset	ghbacct/twitter-financial-news-sentiment-classification	https://huggingface.co/datasets/ghbacct/twitter-financial-news-sentiment-classification	ghbacct	2026-06-03T20:24:59.888414+00:00	Matched Hugging Face dataset query 'financial sentiment' for finance/NLP monitoring.	Check dataset card and original source	candidate	Needs dataset-card review, source provenance, task fit, and leakage-risk note.
hf-winterforeststump-10-k_sec_filings	huggingface_dataset	winterForestStump/10-K_sec_filings	https://huggingface.co/datasets/winterForestStump/10-K_sec_filings	winterForestStump	2026-06-03T20:25:00.172887+00:00	Matched Hugging Face dataset query 'sec filings' for finance/NLP monitoring.	Check dataset card and original source	candidate	Needs dataset-card review, source provenance, task fit, and leakage-risk note.
hf-memgpt-example-sec-filings	huggingface_dataset	MemGPT/example-sec-filings	https://huggingface.co/datasets/MemGPT/example-sec-filings	MemGPT	2026-06-03T20:25:00.172948+00:00	Matched Hugging Face dataset query 'sec filings' for finance/NLP monitoring.	Check dataset card and original source	candidate	Needs dataset-card review, source provenance, task fit, and leakage-risk note.
hf-hexscr-sec-filings	huggingface_dataset	hexscr/sec-filings	https://huggingface.co/datasets/hexscr/sec-filings	hexscr	2026-06-03T20:25:00.172979+00:00	Matched Hugging Face dataset query 'sec filings' for finance/NLP monitoring.	MIT license per Hugging Face card	candidate	Needs dataset-card review, source provenance, task fit, and leakage-risk note.
hf-deerfieldgreen-stk-sec-filings	huggingface_dataset	deerfieldgreen/stk-sec-filings	https://huggingface.co/datasets/deerfieldgreen/stk-sec-filings	deerfieldgreen	2026-06-03T20:25:00.173003+00:00	Matched Hugging Face dataset query 'sec filings' for finance/NLP monitoring.	Check dataset card and original source	candidate	Needs dataset-card review, source provenance, task fit, and leakage-risk note.
hf-kellyhongg-sec_filings	huggingface_dataset	kellyhongg/sec_filings	https://huggingface.co/datasets/kellyhongg/sec_filings	kellyhongg	2026-06-03T20:25:00.173030+00:00	Matched Hugging Face dataset query 'sec filings' for finance/NLP monitoring.	Check dataset card and original source	candidate	Needs dataset-card review, source provenance, task fit, and leakage-risk note.
hf-sicheng-chroma-sec-filings	huggingface_dataset	Sicheng-Chroma/sec-filings	https://huggingface.co/datasets/Sicheng-Chroma/sec-filings	Sicheng-Chroma	2026-06-03T20:25:00.173054+00:00	Matched Hugging Face dataset query 'sec filings' for finance/NLP monitoring.	Check dataset card and original source	candidate	Needs dataset-card review, source provenance, task fit, and leakage-risk note.
hf-juand-r-ai-sec-10k-filings-since-2020	huggingface_dataset	juand-r/ai-sec-10k-filings-since-2020	https://huggingface.co/datasets/juand-r/ai-sec-10k-filings-since-2020	juand-r	2026-06-03T20:25:00.173080+00:00	Matched Hugging Face dataset query 'sec filings' for finance/NLP monitoring.	Check dataset card and original source	candidate	Needs dataset-card review, source provenance, task fit, and leakage-risk note.
hf-derivedfunction01-sec-filings-snippets	huggingface_dataset	DerivedFunction01/sec-filings-snippets	https://huggingface.co/datasets/DerivedFunction01/sec-filings-snippets	DerivedFunction01	2026-06-03T20:25:00.177294+00:00	Matched Hugging Face dataset query 'sec filings' for finance/NLP monitoring.	apache-2.0	candidate	Needs dataset-card review, source provenance, task fit, and leakage-risk note.
hf-kapilrao-sec_filings_1994_2024	huggingface_dataset	kapilrao/SEC_filings_1994_2024	https://huggingface.co/datasets/kapilrao/SEC_filings_1994_2024	kapilrao	2026-06-03T20:25:00.177342+00:00	Matched Hugging Face dataset query 'sec filings' for finance/NLP monitoring.	Check dataset card and original source	candidate	Needs dataset-card review, source provenance, task fit, and leakage-risk note.
hf-carrierone-verilex-sec-filings	huggingface_dataset	carrierone/verilex-sec-filings	https://huggingface.co/datasets/carrierone/verilex-sec-filings	carrierone	2026-06-03T20:25:00.177373+00:00	Matched Hugging Face dataset query 'sec filings' for finance/NLP monitoring.	cc-by-4.0	candidate	Needs dataset-card review, source provenance, task fit, and leakage-risk note.
hf-openfinal-financial_question_answering	huggingface_dataset	OpenFinAL/Financial_Question_Answering	https://huggingface.co/datasets/OpenFinAL/Financial_Question_Answering	OpenFinAL	2026-06-03T20:25:00.454102+00:00	Matched Hugging Face dataset query 'financial question answering' for finance/NLP monitoring.	apache-2.0	candidate	Needs dataset-card review, source provenance, task fit, and leakage-risk note.
hf-jlh-ibm-earnings_call	huggingface_dataset	jlh-ibm/earnings_call	https://huggingface.co/datasets/jlh-ibm/earnings_call	jlh-ibm	2026-06-03T20:25:00.808513+00:00	Matched Hugging Face dataset query 'earnings call' for finance/NLP monitoring.	cc0-1.0	candidate	Needs dataset-card review, source provenance, task fit, and leakage-risk note.
hf-soumakchak-earnings_call_dataset	huggingface_dataset	soumakchak/earnings_call_dataset	https://huggingface.co/datasets/soumakchak/earnings_call_dataset	soumakchak	2026-06-03T20:25:00.808554+00:00	Matched Hugging Face dataset query 'earnings call' for finance/NLP monitoring.	Check dataset card and original source	candidate	Needs dataset-card review, source provenance, task fit, and leakage-risk note.
hf-lamini-earnings-calls-qa	huggingface_dataset	lamini/earnings-calls-qa	https://huggingface.co/datasets/lamini/earnings-calls-qa	lamini	2026-06-03T20:25:00.808578+00:00	Matched Hugging Face dataset query 'earnings call' for finance/NLP monitoring.	cc-by-4.0	candidate	Needs dataset-card review, source provenance, task fit, and leakage-risk note.
hf-islam23-earnings-calls-qa-preprocessed	huggingface_dataset	islam23/earnings-calls-qa-preprocessed	https://huggingface.co/datasets/islam23/earnings-calls-qa-preprocessed	islam23	2026-06-03T20:25:00.808596+00:00	Matched Hugging Face dataset query 'earnings call' for finance/NLP monitoring.	Check dataset card and original source	candidate	Needs dataset-card review, source provenance, task fit, and leakage-risk note.
hf-jlawi11-formatted-earnings-calls	huggingface_dataset	JLawI11/formatted-earnings-calls	https://huggingface.co/datasets/JLawI11/formatted-earnings-calls	JLawI11	2026-06-03T20:25:00.808616+00:00	Matched Hugging Face dataset query 'earnings call' for finance/NLP monitoring.	Check dataset card and original source	candidate	Needs dataset-card review, source provenance, task fit, and leakage-risk note.
hf-soumakchak-earnings_call_transcript_lite	huggingface_dataset	soumakchak/earnings_call_transcript_lite	https://huggingface.co/datasets/soumakchak/earnings_call_transcript_lite	soumakchak	2026-06-03T20:25:00.808634+00:00	Matched Hugging Face dataset query 'earnings call' for finance/NLP monitoring.	Check dataset card and original source	candidate	Needs dataset-card review, source provenance, task fit, and leakage-risk note.
hf-awinml-earnings_calls_transcripts	huggingface_dataset	awinml/earnings_calls_transcripts	https://huggingface.co/datasets/awinml/earnings_calls_transcripts	awinml	2026-06-03T20:25:00.808653+00:00	Matched Hugging Face dataset query 'earnings call' for finance/NLP monitoring.	Check dataset card and original source	candidate	Needs dataset-card review, source provenance, task fit, and leakage-risk note.
hf-awinml-lamini_earnings_calls_eval	huggingface_dataset	awinml/lamini_earnings_calls_eval	https://huggingface.co/datasets/awinml/lamini_earnings_calls_eval	awinml	2026-06-03T20:25:00.808672+00:00	Matched Hugging Face dataset query 'earnings call' for finance/NLP monitoring.	MIT license per Hugging Face card	candidate	Needs dataset-card review, source provenance, task fit, and leakage-risk note.
hf-yeong-hwan-2024-earnings-call-transcript	huggingface_dataset	yeong-hwan/2024-earnings-call-transcript	https://huggingface.co/datasets/yeong-hwan/2024-earnings-call-transcript	yeong-hwan	2026-06-03T20:25:00.808689+00:00	Matched Hugging Face dataset query 'earnings call' for finance/NLP monitoring.	Check dataset card and original source	candidate	Needs dataset-card review, source provenance, task fit, and leakage-risk note.
hf-sohomghosh-mimic_multi-modal_indian_earnings_calls_dataset	huggingface_dataset	sohomghosh/MiMIC_Multi-Modal_Indian_Earnings_Calls_Dataset	https://huggingface.co/datasets/sohomghosh/MiMIC_Multi-Modal_Indian_Earnings_Calls_Dataset	sohomghosh	2026-06-03T20:25:00.808709+00:00	Matched Hugging Face dataset query 'earnings call' for finance/NLP monitoring.	cc-by-nc-sa-4.0	candidate	Needs dataset-card review, source provenance, task fit, and leakage-risk note.
hf-model-prosusai-finbert	huggingface_model	ProsusAI/finbert	https://huggingface.co/ProsusAI/finbert	ProsusAI	2026-06-03T20:25:01.321171+00:00	Matched Hugging Face model query 'finbert' for finance AI monitoring; pipeline tag: text-classification.	Check model card license and upstream training data terms	candidate	Needs model-card, license, task fit, finance adaptation, benchmark, and deployment-risk review.
hf-model-yiyanghkust-finbert-tone	huggingface_model	yiyanghkust/finbert-tone	https://huggingface.co/yiyanghkust/finbert-tone	yiyanghkust	2026-06-03T20:25:01.321265+00:00	Matched Hugging Face model query 'finbert' for finance AI monitoring; pipeline tag: text-classification.	Check model card license and upstream training data terms	candidate	Needs model-card, license, task fit, finance adaptation, benchmark, and deployment-risk review.
hf-model-keiraz14-finetuned-finbert	huggingface_model	Keiraz14/finetuned-finbert	https://huggingface.co/Keiraz14/finetuned-finbert	Keiraz14	2026-06-03T20:25:01.321303+00:00	Matched Hugging Face model query 'finbert' for finance AI monitoring; pipeline tag: model.	Check model card license and upstream training data terms	candidate	Needs model-card, license, task fit, finance adaptation, benchmark, and deployment-risk review.
hf-model-lhf-finbert-regressor	huggingface_model	LHF/finbert-regressor	https://huggingface.co/LHF/finbert-regressor	LHF	2026-06-03T20:25:01.321335+00:00	Matched Hugging Face model query 'finbert' for finance AI monitoring; pipeline tag: text-classification.	Check model card license and upstream training data terms	candidate	Needs model-card, license, task fit, finance adaptation, benchmark, and deployment-risk review.
hf-model-leveragex-finbert-wechsel-korean	huggingface_model	LeverageX/finbert-wechsel-korean	https://huggingface.co/LeverageX/finbert-wechsel-korean	LeverageX	2026-06-03T20:25:01.321370+00:00	Matched Hugging Face model query 'finbert' for finance AI monitoring; pipeline tag: fill-mask.	Check model card license and upstream training data terms	candidate	Needs model-card, license, task fit, finance adaptation, benchmark, and deployment-risk review.
hf-model-shanny-finbert	huggingface_model	Shanny/FinBERT	https://huggingface.co/Shanny/FinBERT	Shanny	2026-06-03T20:25:01.321399+00:00	Matched Hugging Face model query 'finbert' for finance AI monitoring; pipeline tag: fill-mask.	Check model card license and upstream training data terms	candidate	Needs model-card, license, task fit, finance adaptation, benchmark, and deployment-risk review.
hf-model-bergr7-finbert_sec	huggingface_model	bergr7/finbert_sec	https://huggingface.co/bergr7/finbert_sec	bergr7	2026-06-03T20:25:01.321428+00:00	Matched Hugging Face model query 'finbert' for finance AI monitoring; pipeline tag: model.	Check model card license and upstream training data terms	candidate	Needs model-card, license, task fit, finance adaptation, benchmark, and deployment-risk review.
hf-model-cgou-fin_bert-v1-finetuned-squad	huggingface_model	cgou/fin_BERT-v1-finetuned-squad	https://huggingface.co/cgou/fin_BERT-v1-finetuned-squad	cgou	2026-06-03T20:25:01.321462+00:00	Matched Hugging Face model query 'finbert' for finance AI monitoring; pipeline tag: model.	Check model card license and upstream training data terms	candidate	Needs model-card, license, task fit, finance adaptation, benchmark, and deployment-risk review.
hf-model-fergusq-finbert-finnsentiment	huggingface_model	fergusq/finbert-finnsentiment	https://huggingface.co/fergusq/finbert-finnsentiment	fergusq	2026-06-03T20:25:01.321501+00:00	Matched Hugging Face model query 'finbert' for finance AI monitoring; pipeline tag: text-classification.	Check model card license and upstream training data terms	candidate	Needs model-card, license, task fit, finance adaptation, benchmark, and deployment-risk review.
hf-model-ipuneetrathore-bert-base-cased-finetuned-finbert	huggingface_model	ipuneetrathore/bert-base-cased-finetuned-finBERT	https://huggingface.co/ipuneetrathore/bert-base-cased-finetuned-finBERT	ipuneetrathore	2026-06-03T20:25:01.321533+00:00	Matched Hugging Face model query 'finbert' for finance AI monitoring; pipeline tag: text-classification.	Check model card license and upstream training data terms	candidate	Needs model-card, license, task fit, finance adaptation, benchmark, and deployment-risk review.
hf-model-kurianbenoy-finbert-tone-finetuned-imdb	huggingface_model	kurianbenoy/finbert-tone-finetuned-imdb	https://huggingface.co/kurianbenoy/finbert-tone-finetuned-imdb	kurianbenoy	2026-06-03T20:25:01.321565+00:00	Matched Hugging Face model query 'finbert' for finance AI monitoring; pipeline tag: model.	Check model card license and upstream training data terms	candidate	Needs model-card, license, task fit, finance adaptation, benchmark, and deployment-risk review.
hf-model-philschmid-finbert-pretrain-yiyanghkust	huggingface_model	philschmid/finbert-pretrain-yiyanghkust	https://huggingface.co/philschmid/finbert-pretrain-yiyanghkust	philschmid	2026-06-03T20:25:01.321593+00:00	Matched Hugging Face model query 'finbert' for finance AI monitoring; pipeline tag: fill-mask.	Check model card license and upstream training data terms	candidate	Needs model-card, license, task fit, finance adaptation, benchmark, and deployment-risk review.
hf-model-oferweintraub-bert-base-finance-sentiment-noisy-search	huggingface_model	oferweintraub/bert-base-finance-sentiment-noisy-search	https://huggingface.co/oferweintraub/bert-base-finance-sentiment-noisy-search	oferweintraub	2026-06-03T20:25:01.629008+00:00	Matched Hugging Face model query 'finance sentiment' for finance AI monitoring; pipeline tag: text-classification.	Check model card license and upstream training data terms	candidate	Needs model-card, license, task fit, finance adaptation, benchmark, and deployment-risk review.
hf-model-financeinc-auditor_sentiment_finetuned	huggingface_model	FinanceInc/auditor_sentiment_finetuned	https://huggingface.co/FinanceInc/auditor_sentiment_finetuned	FinanceInc	2026-06-03T20:25:01.629071+00:00	Matched Hugging Face model query 'finance sentiment' for finance AI monitoring; pipeline tag: text-classification.	Check model card license and upstream training data terms	candidate	Needs model-card, license, task fit, finance adaptation, benchmark, and deployment-risk review.
hf-model-bardsai-finance-sentiment-pl-fast	huggingface_model	bardsai/finance-sentiment-pl-fast	https://huggingface.co/bardsai/finance-sentiment-pl-fast	bardsai	2026-06-03T20:25:01.629105+00:00	Matched Hugging Face model query 'finance sentiment' for finance AI monitoring; pipeline tag: text-classification.	Check model card license and upstream training data terms	candidate	Needs model-card, license, task fit, finance adaptation, benchmark, and deployment-risk review.
hf-model-bardsai-finance-sentiment-pl-base	huggingface_model	bardsai/finance-sentiment-pl-base	https://huggingface.co/bardsai/finance-sentiment-pl-base	bardsai	2026-06-03T20:25:01.629136+00:00	Matched Hugging Face model query 'finance sentiment' for finance AI monitoring; pipeline tag: text-classification.	Check model card license and upstream training data terms	candidate	Needs model-card, license, task fit, finance adaptation, benchmark, and deployment-risk review.
hf-model-nickwong64-bert-base-uncased-finance-sentiment	huggingface_model	nickwong64/bert-base-uncased-finance-sentiment	https://huggingface.co/nickwong64/bert-base-uncased-finance-sentiment	nickwong64	2026-06-03T20:25:01.629165+00:00	Matched Hugging Face model query 'finance sentiment' for finance AI monitoring; pipeline tag: text-classification.	Check model card license and upstream training data terms	candidate	Needs model-card, license, task fit, finance adaptation, benchmark, and deployment-risk review.
hf-model-rashidnlp-finance-sentiment-classification	huggingface_model	RashidNLP/Finance-Sentiment-Classification	https://huggingface.co/RashidNLP/Finance-Sentiment-Classification	RashidNLP	2026-06-03T20:25:01.629196+00:00	Matched Hugging Face model query 'finance sentiment' for finance AI monitoring; pipeline tag: text-classification.	Check model card license and upstream training data terms	candidate	Needs model-card, license, task fit, finance adaptation, benchmark, and deployment-risk review.
hf-model-bardsai-finance-sentiment-zh-fast	huggingface_model	bardsai/finance-sentiment-zh-fast	https://huggingface.co/bardsai/finance-sentiment-zh-fast	bardsai	2026-06-03T20:25:01.629305+00:00	Matched Hugging Face model query 'finance sentiment' for finance AI monitoring; pipeline tag: text-classification.	Check model card license and upstream training data terms	candidate	Needs model-card, license, task fit, finance adaptation, benchmark, and deployment-risk review.
hf-model-bardsai-finance-sentiment-zh-base	huggingface_model	bardsai/finance-sentiment-zh-base	https://huggingface.co/bardsai/finance-sentiment-zh-base	bardsai	2026-06-03T20:25:01.629343+00:00	Matched Hugging Face model query 'finance sentiment' for finance AI monitoring; pipeline tag: text-classification.	Check model card license and upstream training data terms	candidate	Needs model-card, license, task fit, finance adaptation, benchmark, and deployment-risk review.
hf-model-bardsai-finance-sentiment-fr-base	huggingface_model	bardsai/finance-sentiment-fr-base	https://huggingface.co/bardsai/finance-sentiment-fr-base	bardsai	2026-06-03T20:25:01.629372+00:00	Matched Hugging Face model query 'finance sentiment' for finance AI monitoring; pipeline tag: text-classification.	Check model card license and upstream training data terms	candidate	Needs model-card, license, task fit, finance adaptation, benchmark, and deployment-risk review.
hf-model-bardsai-finance-sentiment-de-base	huggingface_model	bardsai/finance-sentiment-de-base	https://huggingface.co/bardsai/finance-sentiment-de-base	bardsai	2026-06-03T20:25:01.629406+00:00	Matched Hugging Face model query 'finance sentiment' for finance AI monitoring; pipeline tag: text-classification.	Check model card license and upstream training data terms	candidate	Needs model-card, license, task fit, finance adaptation, benchmark, and deployment-risk review.
hf-model-bardsai-finance-sentiment-es-base	huggingface_model	bardsai/finance-sentiment-es-base	https://huggingface.co/bardsai/finance-sentiment-es-base	bardsai	2026-06-03T20:25:01.629435+00:00	Matched Hugging Face model query 'finance sentiment' for finance AI monitoring; pipeline tag: text-classification.	Check model card license and upstream training data terms	candidate	Needs model-card, license, task fit, finance adaptation, benchmark, and deployment-risk review.
hf-model-bardsai-finance-sentiment-ja-base	huggingface_model	bardsai/finance-sentiment-ja-base	https://huggingface.co/bardsai/finance-sentiment-ja-base	bardsai	2026-06-03T20:25:01.629464+00:00	Matched Hugging Face model query 'finance sentiment' for finance AI monitoring; pipeline tag: text-classification.	Check model card license and upstream training data terms	candidate	Needs model-card, license, task fit, finance adaptation, benchmark, and deployment-risk review.
hf-model-mncai-financial_embedding_model	huggingface_model	mncai/financial_embedding_model	https://huggingface.co/mncai/financial_embedding_model	mncai	2026-06-03T20:25:01.934220+00:00	Matched Hugging Face model query 'financial embedding' for finance AI monitoring; pipeline tag: sentence-similarity.	Check model card license and upstream training data terms	candidate	Needs model-card, license, task fit, finance adaptation, benchmark, and deployment-risk review.
hf-model-anhtuansh-halong_embedding-financial-matryoshka-5e	huggingface_model	anhtuansh/halong_embedding-Financial-Matryoshka-5e	https://huggingface.co/anhtuansh/halong_embedding-Financial-Matryoshka-5e	anhtuansh	2026-06-03T20:25:01.934265+00:00	Matched Hugging Face model query 'financial embedding' for finance AI monitoring; pipeline tag: sentence-similarity.	Check model card license and upstream training data terms	candidate	Needs model-card, license, task fit, finance adaptation, benchmark, and deployment-risk review.
hf-model-anhtuansh-halong-embedding-financial-matryoshka-5e	huggingface_model	anhtuansh/halong-embedding-Financial-Matryoshka-5e	https://huggingface.co/anhtuansh/halong-embedding-Financial-Matryoshka-5e	anhtuansh	2026-06-03T20:25:01.934291+00:00	Matched Hugging Face model query 'financial embedding' for finance AI monitoring; pipeline tag: sentence-similarity.	Check model card license and upstream training data terms	candidate	Needs model-card, license, task fit, finance adaptation, benchmark, and deployment-risk review.
hf-model-anhtuansh-halong-embedding-financial-matryoshka-5e-11k	huggingface_model	anhtuansh/halong-embedding-Financial-Matryoshka-5e-11k	https://huggingface.co/anhtuansh/halong-embedding-Financial-Matryoshka-5e-11k	anhtuansh	2026-06-03T20:25:01.934319+00:00	Matched Hugging Face model query 'financial embedding' for finance AI monitoring; pipeline tag: sentence-similarity.	Check model card license and upstream training data terms	candidate	Needs model-card, license, task fit, finance adaptation, benchmark, and deployment-risk review.
hf-model-anhtuansh-halong_embedding-financial-matryoshka-1e-200k	huggingface_model	anhtuansh/halong_embedding-Financial-Matryoshka-1e-200k	https://huggingface.co/anhtuansh/halong_embedding-Financial-Matryoshka-1e-200k	anhtuansh	2026-06-03T20:25:01.934343+00:00	Matched Hugging Face model query 'financial embedding' for finance AI monitoring; pipeline tag: sentence-similarity.	Check model card license and upstream training data terms	candidate	Needs model-card, license, task fit, finance adaptation, benchmark, and deployment-risk review.
hf-model-anhtuansh-halong_embedding-financial-matryoshka-2e-11k	huggingface_model	anhtuansh/halong_embedding-Financial-Matryoshka-2e-11k	https://huggingface.co/anhtuansh/halong_embedding-Financial-Matryoshka-2e-11k	anhtuansh	2026-06-03T20:25:01.934377+00:00	Matched Hugging Face model query 'financial embedding' for finance AI monitoring; pipeline tag: sentence-similarity.	Check model card license and upstream training data terms	candidate	Needs model-card, license, task fit, finance adaptation, benchmark, and deployment-risk review.
hf-model-ng3owb-financial_embedding_model_balanced	huggingface_model	ng3owb/financial_embedding_model_balanced	https://huggingface.co/ng3owb/financial_embedding_model_balanced	ng3owb	2026-06-03T20:25:01.934395+00:00	Matched Hugging Face model query 'financial embedding' for finance AI monitoring; pipeline tag: model.	Check model card license and upstream training data terms	candidate	Needs model-card, license, task fit, finance adaptation, benchmark, and deployment-risk review.
hf-model-qcsun-financial-embedding	huggingface_model	qcsun/financial-embedding	https://huggingface.co/qcsun/financial-embedding	qcsun	2026-06-03T20:25:01.934415+00:00	Matched Hugging Face model query 'financial embedding' for finance AI monitoring; pipeline tag: sentence-similarity.	Check model card license and upstream training data terms	candidate	Needs model-card, license, task fit, finance adaptation, benchmark, and deployment-risk review.
hf-model-cindy415-financial_embedding	huggingface_model	cindy415/financial_embedding	https://huggingface.co/cindy415/financial_embedding	cindy415	2026-06-03T20:25:01.934432+00:00	Matched Hugging Face model query 'financial embedding' for finance AI monitoring; pipeline tag: model.	Check model card license and upstream training data terms	candidate	Needs model-card, license, task fit, finance adaptation, benchmark, and deployment-risk review.
hf-model-ehekaanldk-flan-t5-large-financial-phrasebank-lora-nlp	huggingface_model	ehekaanldk/flan-t5-large-financial-phrasebank-lora-NLP	https://huggingface.co/ehekaanldk/flan-t5-large-financial-phrasebank-lora-NLP	ehekaanldk	2026-06-03T20:25:02.514715+00:00	Matched Hugging Face model query 'financial nlp' for finance AI monitoring; pipeline tag: model.	Check model card license and upstream training data terms	candidate	Needs model-card, license, task fit, finance adaptation, benchmark, and deployment-risk review.
hf-model-nlp-feup-da-mrm8488-distilroberta-finetuned-financial-news-sentiment-analysis	huggingface_model	NLP-FEUP/DA-mrm8488-distilroberta-finetuned-financial-news-sentiment-analysis	https://huggingface.co/NLP-FEUP/DA-mrm8488-distilroberta-finetuned-financial-news-sentiment-analysis	NLP-FEUP	2026-06-03T20:25:02.514861+00:00	Matched Hugging Face model query 'financial nlp' for finance AI monitoring; pipeline tag: fill-mask.	Check model card license and upstream training data terms	candidate	Needs model-card, license, task fit, finance adaptation, benchmark, and deployment-risk review.
hf-model-nlp-feup-ft-mrm8488-distilroberta-finetuned-financial-news-sentiment-analysis	huggingface_model	NLP-FEUP/FT-mrm8488-distilroberta-finetuned-financial-news-sentiment-analysis	https://huggingface.co/NLP-FEUP/FT-mrm8488-distilroberta-finetuned-financial-news-sentiment-analysis	NLP-FEUP	2026-06-03T20:25:02.514907+00:00	Matched Hugging Face model query 'financial nlp' for finance AI monitoring; pipeline tag: text-classification.	Check model card license and upstream training data terms	candidate	Needs model-card, license, task fit, finance adaptation, benchmark, and deployment-risk review.
hf-model-nlp-feup-da-ft-mrm8488-distilroberta-finetuned-financial-news-sentiment-analysis	huggingface_model	NLP-FEUP/DA-FT-mrm8488-distilroberta-finetuned-financial-news-sentiment-analysis	https://huggingface.co/NLP-FEUP/DA-FT-mrm8488-distilroberta-finetuned-financial-news-sentiment-analysis	NLP-FEUP	2026-06-03T20:25:02.514943+00:00	Matched Hugging Face model query 'financial nlp' for finance AI monitoring; pipeline tag: text-classification.	Check model card license and upstream training data terms	candidate	Needs model-card, license, task fit, finance adaptation, benchmark, and deployment-risk review.
hf-model-mulkooo-nlp-financial	huggingface_model	mulkooo/nlp-financial	https://huggingface.co/mulkooo/nlp-financial	mulkooo	2026-06-03T20:25:02.514978+00:00	Matched Hugging Face model query 'financial nlp' for finance AI monitoring; pipeline tag: model.	Check model card license and upstream training data terms	candidate	Needs model-card, license, task fit, finance adaptation, benchmark, and deployment-risk review.
hf-model-shri23439-financial-nlp-alpha-signals	huggingface_model	shri23439/Financial-NLP-Alpha-Signals	https://huggingface.co/shri23439/Financial-NLP-Alpha-Signals	shri23439	2026-06-03T20:25:02.515006+00:00	Matched Hugging Face model query 'financial nlp' for finance AI monitoring; pipeline tag: model.	Check model card license and upstream training data terms	candidate	Needs model-card, license, task fit, finance adaptation, benchmark, and deployment-risk review.
hf-paper-2606-01476	huggingface_paper	OmniOPD: Logit-Free On-Policy Distillation via Speculative Verification	https://huggingface.co/papers/2606.01476	Hugging Face Papers	2026-06-03T20:25:03.079878+00:00	Matched Hugging Face paper query 'FinGPT' for finance AI research monitoring.	Paper metadata is public; check linked arXiv, code, model, and dataset terms	candidate	Needs linked models, datasets, reproducibility, finance domain, and claims review.
hf-paper-2606-03029	huggingface_paper	Conditional Hypothesis Generation for LLM-Based Text Analysis with Researcher-Specified Covariates	https://huggingface.co/papers/2606.03029	Hugging Face Papers	2026-06-03T20:25:03.079952+00:00	Matched Hugging Face paper query 'FinGPT' for finance AI research monitoring.	Paper metadata is public; check linked arXiv, code, model, and dataset terms	candidate	Needs linked models, datasets, reproducibility, finance domain, and claims review.
hf-paper-2606-01770	huggingface_paper	Adaptive Auto-Harness: Sustained Self-Improvement for Agentic System Deployment on Open-Ended Task Streams	https://huggingface.co/papers/2606.01770	Hugging Face Papers	2026-06-03T20:25:03.079992+00:00	Matched Hugging Face paper query 'FinGPT' for finance AI research monitoring.	Paper metadata is public; check linked arXiv, code, model, and dataset terms	candidate	Needs linked models, datasets, reproducibility, finance domain, and claims review.
hf-paper-2606-03748	huggingface_paper	Ultralytics YOLO26: Unified Real-Time End-to-End Vision Models	https://huggingface.co/papers/2606.03748	Hugging Face Papers	2026-06-03T20:25:03.080022+00:00	Matched Hugging Face paper query 'FinGPT' for finance AI research monitoring.	Paper metadata is public; check linked arXiv, code, model, and dataset terms	candidate	Needs linked models, datasets, reproducibility, finance domain, and claims review.
hf-paper-2605-30581	huggingface_paper	Prior Availability in Industrial Visual Sim-to-Real: A Review of CAD-Guided and CAD-Unavailable Regimes	https://huggingface.co/papers/2605.30581	Hugging Face Papers	2026-06-03T20:25:03.080047+00:00	Matched Hugging Face paper query 'FinGPT' for finance AI research monitoring.	Paper metadata is public; check linked arXiv, code, model, and dataset terms	candidate	Needs linked models, datasets, reproducibility, finance domain, and claims review.
hf-paper-2605-30039	huggingface_paper	Domain-Specific Data Synthesis for LLMs via Minimal Sufficient Representation Learning	https://huggingface.co/papers/2605.30039	Hugging Face Papers	2026-06-03T20:25:03.080076+00:00	Matched Hugging Face paper query 'FinGPT' for finance AI research monitoring.	Paper metadata is public; check linked arXiv, code, model, and dataset terms	candidate	Needs linked models, datasets, reproducibility, finance domain, and claims review.
hf-paper-2606-03458	huggingface_paper	KVarN: Variance-Normalized KV-Cache Quantization Mitigates Error Accumulation in Reasoning Tasks	https://huggingface.co/papers/2606.03458	Hugging Face Papers	2026-06-03T20:25:03.080101+00:00	Matched Hugging Face paper query 'FinGPT' for finance AI research monitoring.	Paper metadata is public; check linked arXiv, code, model, and dataset terms	candidate	Needs linked models, datasets, reproducibility, finance domain, and claims review.
hf-paper-2606-02578	huggingface_paper	Mitigating Perceptual Judgment Bias in Multimodal LLM-as-a-Judge via Perceptual Perturbation and Reward Modeling	https://huggingface.co/papers/2606.02578	Hugging Face Papers	2026-06-03T20:25:03.080131+00:00	Matched Hugging Face paper query 'FinGPT' for finance AI research monitoring.	Paper metadata is public; check linked arXiv, code, model, and dataset terms	candidate	Needs linked models, datasets, reproducibility, finance domain, and claims review.
hf-paper-2606-02775	huggingface_paper	AURA: Action-Gated Memory for Robot Policies at Constant VRAM	https://huggingface.co/papers/2606.02775	Hugging Face Papers	2026-06-03T20:25:03.080161+00:00	Matched Hugging Face paper query 'FinGPT' for finance AI research monitoring.	Paper metadata is public; check linked arXiv, code, model, and dataset terms	candidate	Needs linked models, datasets, reproducibility, finance domain, and claims review.
hf-paper-2606-03911	huggingface_paper	Bootstrap Your Generator: Unpaired Visual Editing with Flow Matching	https://huggingface.co/papers/2606.03911	Hugging Face Papers	2026-06-03T20:25:03.080189+00:00	Matched Hugging Face paper query 'FinGPT' for finance AI research monitoring.	Paper metadata is public; check linked arXiv, code, model, and dataset terms	candidate	Needs linked models, datasets, reproducibility, finance domain, and claims review.
hf-paper-2605-30288	huggingface_paper	MIRA: Mid-training Rubric Anchoring for Source-Aware Data Selection	https://huggingface.co/papers/2605.30288	Hugging Face Papers	2026-06-03T20:25:03.080213+00:00	Matched Hugging Face paper query 'FinGPT' for finance AI research monitoring.	Paper metadata is public; check linked arXiv, code, model, and dataset terms	candidate	Needs linked models, datasets, reproducibility, finance domain, and claims review.
hf-paper-2606-00138	huggingface_paper	A Multi-AI-agent Framework Enabling End-to-end Finite Element Analysis for Solid Mechanics Problems	https://huggingface.co/papers/2606.00138	Hugging Face Papers	2026-06-03T20:25:03.080236+00:00	Matched Hugging Face paper query 'FinGPT' for finance AI research monitoring.	Paper metadata is public; check linked arXiv, code, model, and dataset terms	candidate	Needs linked models, datasets, reproducibility, finance domain, and claims review.
hf-paper-2606-00683	huggingface_paper	OCC-RAG: Optimal Cognitive Core for Faithful Question Answering	https://huggingface.co/papers/2606.00683	Hugging Face Papers	2026-06-03T20:25:03.080260+00:00	Matched Hugging Face paper query 'FinGPT' for finance AI research monitoring.	Paper metadata is public; check linked arXiv, code, model, and dataset terms	candidate	Needs linked models, datasets, reproducibility, finance domain, and claims review.
hf-paper-2606-03287	huggingface_paper	BA-T: An Iterative Transformer for Two-View Bundle Adjustment	https://huggingface.co/papers/2606.03287	Hugging Face Papers	2026-06-03T20:25:03.080283+00:00	Matched Hugging Face paper query 'FinGPT' for finance AI research monitoring.	Paper metadata is public; check linked arXiv, code, model, and dataset terms	candidate	Needs linked models, datasets, reproducibility, finance domain, and claims review.
hf-paper-2605-23895	huggingface_paper	From Activation to Causality: Discovery of Causal Visual Representations in the Human Brain	https://huggingface.co/papers/2605.23895	Hugging Face Papers	2026-06-03T20:25:03.080306+00:00	Matched Hugging Face paper query 'FinGPT' for finance AI research monitoring.	Paper metadata is public; check linked arXiv, code, model, and dataset terms	candidate	Needs linked models, datasets, reproducibility, finance domain, and claims review.
hf-paper-2606-00386	huggingface_paper	αDepth: Learning Single-Pass Soft Boundary Decomposition for Stereo Conversion	https://huggingface.co/papers/2606.00386	Hugging Face Papers	2026-06-03T20:25:03.080329+00:00	Matched Hugging Face paper query 'FinGPT' for finance AI research monitoring.	Paper metadata is public; check linked arXiv, code, model, and dataset terms	candidate	Needs linked models, datasets, reproducibility, finance domain, and claims review.
hf-paper-2606-03264	huggingface_paper	PaddleOCR-VL-1.6: Expanding the Frontier of Document Parsing with Under-Optimized Region Refinement and Progressive Post-Training	https://huggingface.co/papers/2606.03264	Hugging Face Papers	2026-06-03T20:25:03.080362+00:00	Matched Hugging Face paper query 'FinGPT' for finance AI research monitoring.	Paper metadata is public; check linked arXiv, code, model, and dataset terms	candidate	Needs linked models, datasets, reproducibility, finance domain, and claims review.
hf-paper-2606-01048	huggingface_paper	Decoupled Residual Denoising Diffusion Models for Unified and Data Efficient Image-to-Image Translation	https://huggingface.co/papers/2606.01048	Hugging Face Papers	2026-06-03T20:25:03.080387+00:00	Matched Hugging Face paper query 'FinGPT' for finance AI research monitoring.	Paper metadata is public; check linked arXiv, code, model, and dataset terms	candidate	Needs linked models, datasets, reproducibility, finance domain, and claims review.
hf-paper-2606-03102	huggingface_paper	Small RL Controller, Large Language Model: RL-Guided Adaptive Sampling for Test-Time Scaling	https://huggingface.co/papers/2606.03102	Hugging Face Papers	2026-06-03T20:25:03.080485+00:00	Matched Hugging Face paper query 'FinGPT' for finance AI research monitoring.	Paper metadata is public; check linked arXiv, code, model, and dataset terms	candidate	Needs linked models, datasets, reproducibility, finance domain, and claims review.
hf-paper-2606-01599	huggingface_paper	TRON: Targeted Rule-Verifiable Online Environments for Visual Reasoning RL	https://huggingface.co/papers/2606.01599	Hugging Face Papers	2026-06-03T20:25:03.080515+00:00	Matched Hugging Face paper query 'FinGPT' for finance AI research monitoring.	Paper metadata is public; check linked arXiv, code, model, and dataset terms	candidate	Needs linked models, datasets, reproducibility, finance domain, and claims review.
hf-paper-2606-01961	huggingface_paper	AutoMedBench: Towards Medical AutoResearch with Agentic AI Models	https://huggingface.co/papers/2606.01961	Hugging Face Papers	2026-06-03T20:25:03.080544+00:00	Matched Hugging Face paper query 'FinGPT' for finance AI research monitoring.	Paper metadata is public; check linked arXiv, code, model, and dataset terms	candidate	Needs linked models, datasets, reproducibility, finance domain, and claims review.
hf-paper-2606-01494	huggingface_paper	ClawHub Security Signals: When VirusTotal, Static Analysis, and SkillSpector Disagree	https://huggingface.co/papers/2606.01494	Hugging Face Papers	2026-06-03T20:25:03.080566+00:00	Matched Hugging Face paper query 'FinGPT' for finance AI research monitoring.	Paper metadata is public; check linked arXiv, code, model, and dataset terms	candidate	Needs linked models, datasets, reproducibility, finance domain, and claims review.
hf-paper-2605-29288	huggingface_paper	Diagnosing Harmful Continuation in Answer-Correct Long-CoT Training Traces	https://huggingface.co/papers/2605.29288	Hugging Face Papers	2026-06-03T20:25:03.080590+00:00	Matched Hugging Face paper query 'FinGPT' for finance AI research monitoring.	Paper metadata is public; check linked arXiv, code, model, and dataset terms	candidate	Needs linked models, datasets, reproducibility, finance domain, and claims review.
hf-paper-2606-02398	huggingface_paper	A Local Perturbation Theory for Cross-Domain Interference and Recovery in Multi-Domain RL	https://huggingface.co/papers/2606.02398	Hugging Face Papers	2026-06-03T20:25:03.080613+00:00	Matched Hugging Face paper query 'FinGPT' for finance AI research monitoring.	Paper metadata is public; check linked arXiv, code, model, and dataset terms	candidate	Needs linked models, datasets, reproducibility, finance domain, and claims review.
hf-paper-2606-03603	huggingface_paper	World Models Meet Language Models: On the Complementarity of Concrete and Abstract Reasoning	https://huggingface.co/papers/2606.03603	Hugging Face Papers	2026-06-03T20:25:03.080637+00:00	Matched Hugging Face paper query 'FinGPT' for finance AI research monitoring.	Paper metadata is public; check linked arXiv, code, model, and dataset terms	candidate	Needs linked models, datasets, reproducibility, finance domain, and claims review.
hf-paper-2605-27958	huggingface_paper	Pressure-Testing Deception Probes in LLMs: Scaling, Robustness, and the Geometry of Deceptive Representations	https://huggingface.co/papers/2605.27958	Hugging Face Papers	2026-06-03T20:25:03.080660+00:00	Matched Hugging Face paper query 'FinGPT' for finance AI research monitoring.	Paper metadata is public; check linked arXiv, code, model, and dataset terms	candidate	Needs linked models, datasets, reproducibility, finance domain, and claims review.
hf-paper-2605-27346	huggingface_paper	MERIT: Learning Disentangled Music Representations for Audio Similarity	https://huggingface.co/papers/2605.27346	Hugging Face Papers	2026-06-03T20:25:03.080684+00:00	Matched Hugging Face paper query 'FinGPT' for finance AI research monitoring.	Paper metadata is public; check linked arXiv, code, model, and dataset terms	candidate	Needs linked models, datasets, reproducibility, finance domain, and claims review.
hf-paper-2606-03928	huggingface_paper	Value-Aware Stochastic KV Cache Eviction for Reasoning Models	https://huggingface.co/papers/2606.03928	Hugging Face Papers	2026-06-03T20:25:03.080706+00:00	Matched Hugging Face paper query 'FinGPT' for finance AI research monitoring.	Paper metadata is public; check linked arXiv, code, model, and dataset terms	candidate	Needs linked models, datasets, reproducibility, finance domain, and claims review.
hf-paper-2606-02754	huggingface_paper	Ψ-Bench: Evaluating Persona-Sensitive Influencing in Persuasive Dialogues	https://huggingface.co/papers/2606.02754	Hugging Face Papers	2026-06-03T20:25:03.080729+00:00	Matched Hugging Face paper query 'FinGPT' for finance AI research monitoring.	Paper metadata is public; check linked arXiv, code, model, and dataset terms	candidate	Needs linked models, datasets, reproducibility, finance domain, and claims review.
hf-paper-2606-01717	huggingface_paper	Decentralized Instruction Tuning: Conflict-Aware Splitting and Weight Merging	https://huggingface.co/papers/2606.01717	Hugging Face Papers	2026-06-03T20:25:03.080755+00:00	Matched Hugging Face paper query 'FinGPT' for finance AI research monitoring.	Paper metadata is public; check linked arXiv, code, model, and dataset terms	candidate	Needs linked models, datasets, reproducibility, finance domain, and claims review.
hf-paper-2606-03159	huggingface_paper	NVIDIA OmniDreams: Real-Time Generative World Model for Closed-Loop Autonomous Vehicle Simulation	https://huggingface.co/papers/2606.03159	Hugging Face Papers	2026-06-03T20:25:03.080778+00:00	Matched Hugging Face paper query 'FinGPT' for finance AI research monitoring.	Paper metadata is public; check linked arXiv, code, model, and dataset terms	candidate	Needs linked models, datasets, reproducibility, finance domain, and claims review.
hf-paper-2606-01788	huggingface_paper	PlatonicNav: Unveiling Semantic Correspondence in Navigation with Platonic Topological Maps	https://huggingface.co/papers/2606.01788	Hugging Face Papers	2026-06-03T20:25:03.080801+00:00	Matched Hugging Face paper query 'FinGPT' for finance AI research monitoring.	Paper metadata is public; check linked arXiv, code, model, and dataset terms	candidate	Needs linked models, datasets, reproducibility, finance domain, and claims review.
hf-paper-2606-03979	huggingface_paper	Language Models Need Sleep: Learning to Self-Modify and Consolidate Memories	https://huggingface.co/papers/2606.03979	Hugging Face Papers	2026-06-03T20:25:03.080825+00:00	Matched Hugging Face paper query 'FinGPT' for finance AI research monitoring.	Paper metadata is public; check linked arXiv, code, model, and dataset terms	candidate	Needs linked models, datasets, reproducibility, finance domain, and claims review.
hf-paper-2606-03985	huggingface_paper	Humanoid-GPT: Scaling Data and Structure for Zero-Shot Motion Tracking	https://huggingface.co/papers/2606.03985	Hugging Face Papers	2026-06-03T20:25:03.080847+00:00	Matched Hugging Face paper query 'FinGPT' for finance AI research monitoring.	Paper metadata is public; check linked arXiv, code, model, and dataset terms	candidate	Needs linked models, datasets, reproducibility, finance domain, and claims review.
hf-paper-2606-03920	huggingface_paper	Benchmarking Visual State Tracking in Multimodal Video Understanding	https://huggingface.co/papers/2606.03920	Hugging Face Papers	2026-06-03T20:25:03.080870+00:00	Matched Hugging Face paper query 'FinGPT' for finance AI research monitoring.	Paper metadata is public; check linked arXiv, code, model, and dataset terms	candidate	Needs linked models, datasets, reproducibility, finance domain, and claims review.
hf-paper-2606-01249	huggingface_paper	Trust Region On-Policy Distillation	https://huggingface.co/papers/2606.01249	Hugging Face Papers	2026-06-03T20:25:03.080930+00:00	Matched Hugging Face paper query 'FinGPT' for finance AI research monitoring.	Paper metadata is public; check linked arXiv, code, model, and dataset terms	candidate	Needs linked models, datasets, reproducibility, finance domain, and claims review.
hf-paper-2605-27921	huggingface_paper	Show, Don't TELL: Explainable AI-Generated Text Detection	https://huggingface.co/papers/2605.27921	Hugging Face Papers	2026-06-03T20:25:03.080956+00:00	Matched Hugging Face paper query 'FinGPT' for finance AI research monitoring.	Paper metadata is public; check linked arXiv, code, model, and dataset terms	candidate	Needs linked models, datasets, reproducibility, finance domain, and claims review.
hf-paper-2606-00240	huggingface_paper	MindZero: Learning Online Mental Reasoning With Zero Annotations	https://huggingface.co/papers/2606.00240	Hugging Face Papers	2026-06-03T20:25:03.080978+00:00	Matched Hugging Face paper query 'FinGPT' for finance AI research monitoring.	Paper metadata is public; check linked arXiv, code, model, and dataset terms	candidate	Needs linked models, datasets, reproducibility, finance domain, and claims review.
hf-paper-2606-01666	huggingface_paper	DOT-MoE: Differentiable Optimal Transport for MoEfication	https://huggingface.co/papers/2606.01666	Hugging Face Papers	2026-06-03T20:25:03.081000+00:00	Matched Hugging Face paper query 'FinGPT' for finance AI research monitoring.	Paper metadata is public; check linked arXiv, code, model, and dataset terms	candidate	Needs linked models, datasets, reproducibility, finance domain, and claims review.
hf-paper-2605-30608	huggingface_paper	Semantic Motion Anchors: Bridging Motion and Meaning in Co-Speech Gestures	https://huggingface.co/papers/2605.30608	Hugging Face Papers	2026-06-03T20:25:03.081023+00:00	Matched Hugging Face paper query 'FinGPT' for finance AI research monitoring.	Paper metadata is public; check linked arXiv, code, model, and dataset terms	candidate	Needs linked models, datasets, reproducibility, finance domain, and claims review.
hf-paper-2606-02551	huggingface_paper	AFUN: Towards an Affordance Foundation Model for Functionality Understanding	https://huggingface.co/papers/2606.02551	Hugging Face Papers	2026-06-03T20:25:03.081046+00:00	Matched Hugging Face paper query 'FinGPT' for finance AI research monitoring.	Paper metadata is public; check linked arXiv, code, model, and dataset terms	candidate	Needs linked models, datasets, reproducibility, finance domain, and claims review.
hf-paper-2606-02320	huggingface_paper	TVIR: Building Deep Research Agents Towards Text--Visual Interleaved Report Generation	https://huggingface.co/papers/2606.02320	Hugging Face Papers	2026-06-03T20:25:03.081068+00:00	Matched Hugging Face paper query 'FinGPT' for finance AI research monitoring.	Paper metadata is public; check linked arXiv, code, model, and dataset terms	candidate	Needs linked models, datasets, reproducibility, finance domain, and claims review.
hf-paper-2605-31529	huggingface_paper	SVI-Bench: A Dynamic Microworld for Strategic Video Intelligence	https://huggingface.co/papers/2605.31529	Hugging Face Papers	2026-06-03T20:25:03.081092+00:00	Matched Hugging Face paper query 'FinGPT' for finance AI research monitoring.	Paper metadata is public; check linked arXiv, code, model, and dataset terms	candidate	Needs linked models, datasets, reproducibility, finance domain, and claims review.
hf-paper-2605-29318	huggingface_paper	FreeForm: Reduced-Order Deformable Simulation from Particle-Based Skinning Eigenmodes	https://huggingface.co/papers/2605.29318	Hugging Face Papers	2026-06-03T20:25:03.081114+00:00	Matched Hugging Face paper query 'FinGPT' for finance AI research monitoring.	Paper metadata is public; check linked arXiv, code, model, and dataset terms	candidate	Needs linked models, datasets, reproducibility, finance domain, and claims review.
hf-paper-2606-02373	huggingface_paper	Harness-1: Reinforcement Learning for Search Agents with State-Externalizing Harnesses	https://huggingface.co/papers/2606.02373	Hugging Face Papers	2026-06-03T20:25:03.081137+00:00	Matched Hugging Face paper query 'FinGPT' for finance AI research monitoring.	Paper metadata is public; check linked arXiv, code, model, and dataset terms	candidate	Needs linked models, datasets, reproducibility, finance domain, and claims review.
hf-paper-2606-02388	huggingface_paper	Policy and World Modeling Co-Training for Language Agents	https://huggingface.co/papers/2606.02388	Hugging Face Papers	2026-06-03T20:25:03.081160+00:00	Matched Hugging Face paper query 'FinGPT' for finance AI research monitoring.	Paper metadata is public; check linked arXiv, code, model, and dataset terms	candidate	Needs linked models, datasets, reproducibility, finance domain, and claims review.
hf-paper-2606-00285	huggingface_paper	Model-Based Quality Assessment for Massively Multilingual Parallel Data	https://huggingface.co/papers/2606.00285	Hugging Face Papers	2026-06-03T20:25:03.081182+00:00	Matched Hugging Face paper query 'FinGPT' for finance AI research monitoring.	Paper metadata is public; check linked arXiv, code, model, and dataset terms	candidate	Needs linked models, datasets, reproducibility, finance domain, and claims review.
hf-paper-2605-29084	huggingface_paper	Same Question, Different Source, Different Answer: Auditing Source-Dependence in Medical Multi-Source RAG	https://huggingface.co/papers/2605.29084	Hugging Face Papers	2026-06-03T20:25:03.081204+00:00	Matched Hugging Face paper query 'FinGPT' for finance AI research monitoring.	Paper metadata is public; check linked arXiv, code, model, and dataset terms	candidate	Needs linked models, datasets, reproducibility, finance domain, and claims review.
hf-paper-2605-29087	huggingface_paper	The Chain Holds, the Answer Folds: Trace-Answer Dissociation in Reasoning Models Under Adversarial Pressure	https://huggingface.co/papers/2605.29087	Hugging Face Papers	2026-06-03T20:25:03.081228+00:00	Matched Hugging Face paper query 'FinGPT' for finance AI research monitoring.	Paper metadata is public; check linked arXiv, code, model, and dataset terms	candidate	Needs linked models, datasets, reproducibility, finance domain, and claims review.
hf-paper-2605-26248	huggingface_paper	Unified Neural Scaling Laws	https://huggingface.co/papers/2605.26248	Hugging Face Papers	2026-06-03T20:25:03.081251+00:00	Matched Hugging Face paper query 'FinGPT' for finance AI research monitoring.	Paper metadata is public; check linked arXiv, code, model, and dataset terms	candidate	Needs linked models, datasets, reproducibility, finance domain, and claims review.
